0	Fields group	Management of the resource											Metadata of the text (description of item)																																														Identifier(s) of related resources			Link(s) to repository of visual documentation			0
0													Text identity						Related entities			Text typology				Language(s) and script(s)												Physical form							Date of the text					Filiation							Rights								0
0	Fields	Identifier of the resource	Origin of the metadata	DHARMA import	Editor of the metadata	Date of the edition	Contributor of the metadata	Reviewer	Date of review	Project	Corpus	Distribution rights of the metadata	Identifier of the text	Designation	Alternative identifier	Alternative designation	Alternative designation	Location on the artefact/conglomerate artefact/monument	ID of the artefact(s)	ID of the conglomerate artefact	ID of the monument	Text type 1	Text type 2	Text type 3	Text type 4	Language 1	Script classification 1	Script maturity 1	Language 2	Script classification 2	Script maturity 2	Language 3	Script classification 3	Script maturity 3	Language 4	Script classification 4	Script maturity 4	Lettering technique	Lines (observed)	Lines (estimated)	Lines per zone(s)	Dimensions of text zone(s)	Height of glyph	Width of glyph	Date CE	Date range CE	Date certainty	Date precision	Date evidence	Other instances	Type of filiation	Reissue date	Bibliographic references (primary)	Bibliographic references (secondary)	Keyword(s)	Remarks	Project responsible for publication	Distribution rights of the text edition	Identifier of the surrogate	Identifier of the digital image	Identifier of the 3D model	Link to external repository of surrogates	Link to external repository of digital images of inscriptions	Link to external repository of 3D models	0
0	Description of the fields	Digital identifier of the inscription as text. Syntax: INS<corpus>00001	Origin of the metadata: database or publication	Date of conversion of previously available metadata to the DHARMA model	Person(s) who supplied metadata (use the DHARMA members' Ids and separate them by $, if more than one editor)	Start date of metadata input/editing for DHARMA (YYYY-MM-DD)	Person(s) who entered/edited metadata (use the DHARMA members' Ids and separate them by $, if more than one editor)	Validating person (use the DHARMA members' Ids and separate them by $, if more than one editor)	Date of metadata validation (YYYY-MM-DD)	Project responsible for making these metadata available	Corpus to which the inscription pertains	Licence applicable to metadata	Identifier of the text. Syntax: INS<corpus>00001	Designation of the text [= title in xml edition]	Alternative identifier(s)	Alternative designation(s)	Alternative designation(s)	Location on the artefact/conglomerate artefact/monument (free text)	ID of the artefact bearing the text. If there is more than one artefact bearing the text, use $ as separator.	ID of the conglomerate artefact bearing the text	ID of the monument bearing the text	Text type (ideally only 1, choose misc. if you need to record more than 1)	Text type 2 (use only if more than 1 is necessary – Text type 1 must then have value misc.)	Text type 3 (use only if more than 1 is necessary – Text type 1 must then have value misc.)	Text type 4 (use only if more than 1 is necessary – Text type 1 must then have value misc.)	Language of the text	Script of the text	Maturity of script (if the script classification is Brahmi and derivatives only)	Language of the text	Script of the text	Maturity of script (if the script classification is Brahmi and derivatives only)	Language of the text	Script of the text	Maturity of script (if the script classification is Brahmi and derivatives only)	Language of the text	Script of the text	Maturity of script (if the script classification is Brahmi and derivatives only)	Writing technique (engraved, relief, painted, etc.)	Number of lines of this text preserved/observed on the artefact(s)	Known or estimated total number of lines in this text	Number of lines observed per zone – if multiple zones, use $ as separator and letter prefix plus colon for each zone (format A:10$B:12)	Height x Width of the inscribed zone or zones (cm) – if multiple zones, use $ as separator and letter prefix plus colon before h and w values 	Height of an average aksara (cm)	Width of an average aksara (cm)	YYYY-MM-DD or YYYY-MM or YYYY	YYYY-YYYY	degree of certainty of the text's dating	degree of precision of the text's dating	evidence that indicates the date of the text	ID of other instances of the corresponding text	Status of the given instance in relation with others (original, duplicate, reissue, undetermined)	In case of reissue, CE date of reissue (YYYY or YYYY-YYYY)	Bibliographical references. Use $ to separate the references	Bibliographical references. Use $ to separate the references	Terms to characterize the inscription. The choice of keywords is free, use $ to separate terms	Remarks on text-related metadata (free text)	Project responsible for making this text edition available	Licence applicable to the text edition	Identifier(s) of the related surrogate(s). Use $ to separate the identifiers.	Identifier(s) of the related digital image(s). Use $ to separate the identifiers.	Identifier(s) of the related 3D model(s). Use $ to separate the identifiers.	Link(s) to related digital images of surrogates stored on external repository	Link(s) to related digital images of inscriptions stored on external repository	Link(s) to related 3D models stored on external repository	0
1		INSVengiCalukya00001	Fleet1890_03		daba	2024-07-05				DHARMA	VengiCalukya	CC0	INSVengiCalukya00001	Sātārā plates of Viṣṇuvardhana I				Plates (A), Seal (B)		CONARTVengiCalukya000001		donative-religious_land_grant				Sanskrit	brahmi_and_derivatives-southern_class_brahmi	regional_Brahmi--derived_script										engraved	35		A:35$B:1	7.8×17.6	0.5			617-626			reign				Shastree1844_01$Fleet1890_03			Line spacing 0.8 cm.	DHARMA	CC-BY-SA							1
2		INSVengiCalukya00002	Fleet1891_01		daba	2023-12-06				DHARMA	VengiCalukya	CC0	INSVengiCalukya00002	Cīpurupalle plates of Viṣṇuvardhana I						CONARTVengiCalukya000002		donative-religious_land_grant				Sanskrit	brahmi_and_derivatives-southern_class_brahmi	regional_Brahmi--derived_script										engraved	20			5×17.8	0.5			640-642			internal_date				Burnell1878_01:137-138$ Fleet1891_01			Line spacing 0.9 cm.	DHARMA	CC-BY-SA							2
3		INSVengiCalukya00003	Hultzsch1907-1908_07		daba	2023-12-04				DHARMA	VengiCalukya	CC0	INSVengiCalukya00003	Timmapuram plates of Viṣṇuvardhana I				Plates (A), Seal (B)		CONARTVengiCalukya000003		donative-religious_land_grant				Sanskrit	brahmi_and_derivatives-southern_class_brahmi	regional_Brahmi--derived_script										engraved	14		A:14$B:1	6.9×22.2	0.65			624-641			reign				Hultzsch1907-1908_07			Line spacing 1.1 cm.	DHARMA	CC-BY-SA							3
4		INSVengiCalukya00004	Fleet1884_01		daba	2023-12-06				DHARMA	VengiCalukya	CC0	INSVengiCalukya00004	Peṇukapaṟu grant of Jayasiṁha I		Pedda-Maddāli plates of Jayasiṁha I		Plates (A), Seal (B)		CONARTVengiCalukya000004		donative-religious_land_grant				Sanskrit	brahmi_and_derivatives-southern_class_brahmi	regional_Brahmi--derived_script										engraved	29		A:29$B:2	8×17.3	0.6			658-660			internal_date				Fleet1884_01			Line spacing 10 cm.	DHARMA	CC-BY-SA							4
5		INSVengiCalukya00005	SomasekharaSarma1955-1956_01		daba	2023-12-06				DHARMA	VengiCalukya	CC0	INSVengiCalukya00005	Guḍivāḍa plates (set 1) of Jayasiṁha I		Ādivāsa grant of Jayasiṁha I		Plates (A), Seal (B)		CONARTVengiCalukya000005		donative-religious_land_grant				Sanskrit	brahmi_and_derivatives-southern_class_brahmi	regional_Brahmi--derived_script										engraved	24		A:24$B:1	6.4×16.6	0.6			658-660			internal_date				SomasekharaSarma1955-1956_01 (item A)			Line spacing 1.1 cm.	DHARMA	CC-BY-SA							5
6		INSVengiCalukya00006	SomasekharaSarma1955-1956_01		daba	2023-12-06				DHARMA	VengiCalukya	CC0	INSVengiCalukya00006	Guḍivāḍa plates (set 2) of Jayasiṁha I				Plates (A), Seal (B)		CONARTVengiCalukya000006		donative-religious_land_grant				Sanskrit	brahmi_and_derivatives-southern_class_brahmi	regional_Brahmi--derived_script										engraved	25		A:25$B:1	5.5×19.9	0.5			641-673			reign				SomasekharaSarma1955-1956_01 (item B)			Line spacing 0.9 cm.	DHARMA	CC-BY-SA							6
7		INSVengiCalukya00007	SomasekharaSarma1955-1956_01		daba	2023-12-07				DHARMA	VengiCalukya	CC0	INSVengiCalukya00007	Guḍivāḍa plates (set 3) of Jayasiṁha I						CONARTVengiCalukya000007		donative-religious_land_grant				Sanskrit	brahmi_and_derivatives-southern_class_brahmi	regional_Brahmi--derived_script										engraved	24			5.8×17.5	0.5			641-673	low		reign				SomasekharaSarma1955-1956_01 (item C)			Line spacing 0.9 cm.	DHARMA	CC-BY-SA							7
8		INSVengiCalukya00008	Hultzsch1925-1926_03		daba	2023-12-08				DHARMA	VengiCalukya	CC0	INSVengiCalukya00008	Niḍupaṟu grant of Jayasiṁha I				Plates (A), Seal (B)		CONARTVengiCalukya000008		donative-religious_land_grant				Sanskrit	brahmi_and_derivatives-southern_class_brahmi	regional_Brahmi--derived_script										engraved	24		A:24$B:1	4.9×17.6	0.45			641-673			reign				Hultzsch1925-1926_02$SomasekharaSarma1925_01			Line spacing 0.8 cm.	DHARMA	CC-BY-SA							8
9		INSVengiCalukya00009	Rangacharya1927-1928_02		daba	2023-12-15				DHARMA	VengiCalukya	CC0	INSVengiCalukya00009	Pedda-Vegi plates of Jayasiṁha I				Plates (A), Seal (B)		CONARTVengiCalukya000009		donative-religious_land_grant				Sanskrit	brahmi_and_derivatives-southern_class_brahmi	regional_Brahmi--derived_script										engraved	26		A:26$B:1	6.8×18.7	0.5			641-673			reign				Rangacharya1927-1928_02			Line spacing 1 cm.	DHARMA	CC-BY-SA							9
10		INSVengiCalukya00010	SubbaRao1929-1930_01		daba	2023-12-15				DHARMA	VengiCalukya	CC0	INSVengiCalukya00010	Puloṁbūra grant of Jayasiṁha I		Pulibumra Plates of Jayasiṁha I$Pulimburu Plates of Jayasiṁha I$Polamuru Grant of Jayasiṁha I$Polamuru Plates (set II)				CONARTVengiCalukya000010		donative-religious_land_grant				Sanskrit	brahmi_and_derivatives-southern_class_brahmi	regional_Brahmi--derived_script										engraved	24			4.8×14	0.4			646-656			internal_date				Rangacharya1927-1928_03$ SubbaRao1929-1930_01$ Sircar1939_01$ Sankaranarayanan1977_01			Line spacing 0.7 cm.	DHARMA	CC-BY-SA							10
11		INSVengiCalukya00011	Fleet1878_01		daba	2024-01-12				DHARMA	VengiCalukya	CC0	INSVengiCalukya00011	Paḷḷivāḍa grant of Viṣṇuvardhana II				Plates (A), Seal (B)		CONARTVengiCalukya000011		donative-religious_land_grant				Sanskrit	brahmi_and_derivatives-southern_class_brahmi	regional_Brahmi--derived_script										engraved	22	32	A:22$B:1	5.4×16	0.45			676-678			internal_date				Fleet1878_01			Line spacing 0.9 cm.	DHARMA	CC-BY-SA							11
12		INSVengiCalukya00012	Fleet1878_02		daba	2024-01-12				DHARMA	VengiCalukya	CC0	INSVengiCalukya00012	Reyūru grant of Viṣṇuvardhana II				Plates (A), Seal (B)		CONARTVengiCalukya000012		donative-religious_land_grant				Sanskrit	brahmi_and_derivatives-southern_class_brahmi	regional_Brahmi--derived_script										engraved	68		A:68$B:1	5.3×19.5	0.4			673-675			internal_date				Fleet1878_02			Line spacing 0.8 cm.	DHARMA	CC-BY-SA							12
13		INSVengiCalukya00013	Narasimhaswami1955-1956_01		daba	2024-01-17				DHARMA	VengiCalukya	CC0	INSVengiCalukya00013	Koṇeki grant of Viṣṇuvardhana II				Plates (A), Seal (B)		CONARTVengiCalukya000013		donative-religious_land_grant				Sanskrit	brahmi_and_derivatives-southern_class_brahmi	regional_Brahmi--derived_script										engraved	46		A:46$B:1	4.9×20.5	0.5			669-671			internal_date				Narasimhaswami1955-1956_01			Line spacing 0.9 cm.	DHARMA	CC-BY-SA							13
14		INSVengiCalukya00014	Fleet1891_03		daba	2024-01-17				DHARMA	VengiCalukya	CC0	INSVengiCalukya00014	Nutulapaṟu grant of Maṅgi Yuvarāja				Plates (A), Seal (B)		CONARTVengiCalukya000014		donative-religious_land_grant				Sanskrit	brahmi_and_derivatives-southern_class_brahmi	regional_Brahmi--derived_script										engraved	28		A:28$B:1					700-702			internal_date				Fleet1891_03				DHARMA	CC-BY-SA							14
15		INSVengiCalukya00015	Hultzsch1925-1926_05		daba	2024-02-21				DHARMA	VengiCalukya	CC0	INSVengiCalukya00015	Peṇukapaṟu grant of Jayasiṁha II				Plates (A), Seal (B)		CONARTVengiCalukya000015		donative-religious_land_grant				Sanskrit	brahmi_and_derivatives-southern_class_brahmi	regional_Brahmi--derived_script										engraved	31		A:31$B:1	6.1×17.9	0.4			706-718			reign				Hultzsch1925-1926_05$ Krishnamacharlu1924_01			Line spacing 0.7 cm.	DHARMA	CC-BY-SA							15
16		INSVengiCalukya00016	daba autopsy and Hultzsch1925-1926_03		daba	2024-02-21				DHARMA	VengiCalukya	CC0	INSVengiCalukya00016	Jaḷayūru grant of Viṣṇuvardhana III		Ipur Plates of Viṣṇuvardhana III		Plates (A), Seal (B)		CONARTVengiCalukya000016		donative-religious_land_grant				Sanskrit	brahmi_and_derivatives-southern_class_brahmi	regional_Brahmi--derived_script										engraved	25		A:25$B:1	5.6×16.3	0.5			740-742			internal_date				Hultzsch1925-1926_03			Line spacing 0.7 cm.	DHARMA	CC-BY-SA							16
17		INSVengiCalukya00017	Gai1965-1966_01		daba	2024-02-29				DHARMA	VengiCalukya	CC0	INSVengiCalukya00017	Tenali plates of Vijayāditya I				Plates (A), Seal (B)		CONARTVengiCalukya000017		donative-religious_land_grant				Sanskrit	brahmi_and_derivatives-southern_class_brahmi	regional_Brahmi--derived_script										engraved	28		A:28$B:1	6.6×17.2	0.5			755-772			reign				Gai1965-1966_01 (item A)			Line spacing 0.9 cm.	DHARMA	CC-BY-SA							17
18		INSVengiCalukya00018	Gai1965-1966_01		daba	2024-02-29				DHARMA	VengiCalukya	CC0	INSVengiCalukya00018	Zulakallu plates of Vijayāditya I		Alluvālu grant of Vijayāditya I				CONARTVengiCalukya000018		donative-religious_land_grant				Sanskrit	brahmi_and_derivatives-southern_class_brahmi	regional_Brahmi--derived_script	Telugu	brahmi_and_derivatives-southern_class_brahmi	regional_Brahmi--derived_script							engraved	26			6.5×19.5	0.45			755-772			reign				Gai1965-1966_01 (item B)$ Venkataramanayya1974_01			Line spacing 0.9 cm.	DHARMA	CC-BY-SA							18
19		INSVengiCalukya00019	Fleet1884_02		daba	2024-03-12				DHARMA	VengiCalukya	CC0	INSVengiCalukya00019	Pr̥thivipallavapaṭṭana grant of Viṣṇuvardhana IV		Ahadanakaram plates of Viṣṇuvardhana V				CONARTVengiCalukya000019		donative-religious_land_grant				Sanskrit	brahmi_and_derivatives-southern_class_brahmi	regional_Brahmi--derived_script	Telugu	brahmi_and_derivatives-southern_class_brahmi	regional_Brahmi--derived_script							engraved	34			7×21.6	0.55			772-808			reign				Fleet1884_02			Line spacing 1.1 cm.	DHARMA	CC-BY-SA							19
20		INSVengiCalukya00020	Kielhorn1898-1899_01		daba	2024-03-01				DHARMA	VengiCalukya	CC0	INSVengiCalukya00020	Eḍeru plates of Vijayāditya I		Minamini grant of Vijayāditya I or II$Eḍeru plates of Vijayāditya II		Plates (A), Seal (B)		CONARTVengiCalukya000020		donative-religious_land_grant				Sanskrit	brahmi_and_derivatives-southern_class_brahmi	regional_Brahmi--derived_script										engraved	28		A:28$B:1	7.1×17.4	0.5			755-772			reign				NatesaSastri1884_01 (item 2)$ Kielhorn1898-1899_01 (item A)			Line spacing 0.9 cm.	DHARMA	CC-BY-SA							20
21		INSVengiCalukya00021	Fleet1891_04		daba	2024-07-08				DHARMA	VengiCalukya	CC0	INSVengiCalukya00021	Koṟṟapaṟṟu grant of Vijayāditya II		British Museum plates of Vijayāditya II		Plates (A), Seal (B)		CONARTVengiCalukya000021		donative-religious_land_grant				Sanskrit	brahmi_and_derivatives-southern_class_brahmi	regional_Brahmi--derived_script										engraved	52		A:52$B:1	7.2×22	0.5			808-847			reign				Hultzsch1890_01 (item 35)$ Fleet1891_04			Line spacing 1 cm.	DHARMA	CC-BY-SA							21
22		INSVengiCalukya00022	ASI estampage cover sheet		daba	2024-03-20				DHARMA	VengiCalukya	CC0	INSVengiCalukya00022	Cheruvu Madhavaram plates of Viṣṇuvardhana V						CONARTVengiCalukya000022		donative-religious_land_grant				Sanskrit	brahmi_and_derivatives-southern_class_brahmi	regional_Brahmi--derived_script										engraved	28			8.5×21.8	0.45			847-849			reign				Narasimhaswami1967-1968_01			Line spacing 1.2 cm.	DHARMA	CC-BY-SA							22
23		INSVengiCalukya00023	Kielhorn1898-1899_01		daba	2024-01-31				DHARMA	VengiCalukya	CC0	INSVengiCalukya00023	Masulipatam plates of Vijayāditya III		Ṭraṇḍapa̱ru grant of Vijayāditya III		Plates (A), Seal (B)		CONARTVengiCalukya000023		donative-secular_donation				Sanskrit	brahmi_and_derivatives-southern_class_brahmi	regional_Brahmi--derived_script										engraved	40		A:40$B:1	8.5×22.5	0.5			849-892			reign				Kielhorn1898-1899_01 (item B)			Line spacing 1.5 cm.	DHARMA	CC-BY-SA							23
24		INSVengiCalukya00024	Kielhorn1898-1899_01		daba	2024-12-13				DHARMA	VengiCalukya	CC0	INSVengiCalukya00024	Bezvāḍa plates of Bhīma I				Plates (A), Seal (B)		CONARTVengiCalukya000024		donative-religious_land_grant				Sanskrit	brahmi_and_derivatives-southern_class_brahmi	regional_Brahmi--derived_script										engraved	47		A:47$B:1	7.1×16.8	0.45			892-893			reign				Kielhorn1898-1899_01 (item C)			Line spacing 0.9 cm.	DHARMA	CC-BY-SA							24
25		INSVengiCalukya00025	Sankaranarayanan1973_01 and Venkataramanayya1974_04		daba	2024-12-13				DHARMA	VengiCalukya	CC0	INSVengiCalukya00025	Kākamrāṇu grant of Bhīma I		Kākumrānu grant of Bhīma I		Plates (A), Seal (B)		CONARTVengiCalukya000025		donative-religious_land_grant				Sanskrit	brahmi_and_derivatives-southern_class_brahmi	regional_Brahmi--derived_script										engraved	91		A:91$B:1	12.6×25.3	0.45			892-921			reign				Sankaranarayanan1973_01 (item 1)$ Venkataramanayya1974_04			Line spacing 1.1 cm.	DHARMA	CC-BY-SA							25
26		INSVengiCalukya00026	Sankaranarayanan1973_01 and Venkataramanayya1974_05		daba	2024-12-13				DHARMA	VengiCalukya	CC0	INSVengiCalukya00026	Moga grant of Bhīma I				Plates (A), Seal (B)		CONARTVengiCalukya000026		donative-secular_donation				Sanskrit	brahmi_and_derivatives-southern_class_brahmi	regional_Brahmi--derived_script	Telugu	brahmi_and_derivatives-southern_class_brahmi	regional_Brahmi--derived_script							engraved	56		A:56$B:1	6.2×15	0.45			892-921			reign				Sankaranarayanan1973_01 (item 2)$ Venkataramanayya1974_05			Line spacing 0.8 cm.	DHARMA	CC-BY-SA							26
27		INSVengiCalukya00027	Chhabra1947-1948_02		daba	2025-03-25				DHARMA	VengiCalukya	CC0	INSVengiCalukya00027	Cevuru plates of Amma I				Plates (A), Seal (B)		CONARTVengiCalukya000027		donative-secular_donation				Sanskrit	brahmi_and_derivatives-southern_class_brahmi	regional_Brahmi--derived_script	Telugu	brahmi_and_derivatives-southern_class_brahmi	regional_Brahmi--derived_script							engraved	36		A:36$B:1	9.3×20	0.5			921-927			reign				Chhabra1947-1948_02			Line spacing 1 cm.	DHARMA	CC-BY-SA							27
28		INSVengiCalukya00028	Hultzsch1890_01 and daba autopsy		daba	2025-03-26				DHARMA	VengiCalukya	CC0	INSVengiCalukya00028	Eḍeru plates of Amma I				Plates (A), Seal (B)		CONARTVengiCalukya000028		donative-secular_donation				Sanskrit	brahmi_and_derivatives-southern_class_brahmi	regional_Brahmi--derived_script										engraved	63		A:63$B:1	10×22	0.4			921-922			reign				NatesaSastri1884_01 (item 1)$ Hultzsch1890_01 (item 36)			Line spacing 1 cm.	DHARMA	CC-BY-SA							28
29		INSVengiCalukya00029	Kielhorn1898-1899_01		daba	2025-03-28				DHARMA	VengiCalukya	CC0	INSVengiCalukya00029	Drujjūru grant of Amma I		Masulipatam plates of Amma I		Plates (A), Seal (B)		CONARTVengiCalukya000029		donative-secular_donation				Sanskrit	brahmi_and_derivatives-southern_class_brahmi	regional_Brahmi--derived_script										engraved	36		A:36$B:1	10.9×20.8	0.45			921-927			reign				Sewell1879_01 (item 2)$ Kielhorn1898-1899_01 (item D)			Line spacing 1.2 cm.	DHARMA	CC-BY-SA							29
30		INSVengiCalukya00030	LakshmanaRao1927-1928_02		daba	2025-04-09				DHARMA	VengiCalukya	CC0	INSVengiCalukya00030	Āruṁbāka grant of Bādapa				Plates (A), Seal (B)		CONARTVengiCalukya000030		donative-secular_donation				Sanskrit	brahmi_and_derivatives-southern_class_brahmi	regional_Brahmi--derived_script										engraved	68		A:68$B:2	10×24.1	0.45			944-946	low		reign				LakshmanaRao1927-1928_02 (item 1)$said to be also published in "Andhra Patrika Ugādi Sanchika", April 1921, by K. V. Lakshmana Rao - probably a preliminary to the proper publication			Line spacing 0.9 cm.	DHARMA	CC-BY-SA							30
31		INSVengiCalukya00031	LakshmanaRao1927-1928_02		daba	2025-04-09				DHARMA	VengiCalukya	CC0	INSVengiCalukya00031	Śrīpūṇḍi grant of Tāḻa II				Plates (A), Seal (B)		CONARTVengiCalukya000031		donative-secular_donation				Sanskrit	brahmi_and_derivatives-southern_class_brahmi	regional_Brahmi--derived_script										engraved	40		A:40$B:1	8.8×22	0.6			944-946	low		reign				LakshmanaRao1927-1928_02 (item 2)			Line spacing 1.7 cm.	DHARMA	CC-BY-SA							31
32		INSVengiCalukya00032	Fleet1884_03		daba	2024-07-04				DHARMA	VengiCalukya	CC0	INSVengiCalukya00032	Diggubaṟṟu grant of Bhīma II		Pāganavaram plates of Bhīma II		Plates (A), Seal (B)		CONARTVengiCalukya000032		donative-religious_land_grant				Sanskrit	brahmi_and_derivatives-southern_class_brahmi	regional_Brahmi--derived_script										engraved	64		A:64$B:1	10.4×19.5	0.6			934-945			reign				Fleet1884_03			Line spacing 1.2 cm.	DHARMA	CC-BY-SA							32
33		INSVengiCalukya00033	Hultzsch1890_01		daba	2024-07-05				DHARMA	VengiCalukya	CC0	INSVengiCalukya00033	Kolaveṇṇu plates of Bhīma II		Koḍhatalli grant of Bhīma II		Plates (A), Seal (B)		CONARTVengiCalukya000033		donative-religious_land_grant				Sanskrit	brahmi_and_derivatives-southern_class_brahmi	regional_Brahmi--derived_script										engraved	31		A:31$B:1					934-945			reign				Hultzsch1890_01 (item 37)				DHARMA	CC-BY-SA							33
34		INSVengiCalukya00034	Kielhorn1898-1899_01		daba	2024-07-05				DHARMA	VengiCalukya	CC0	INSVengiCalukya00034	Ākulamannaṇḍu grant of Bhīma II		Masulipatam plates of Bhīma II		Plates (A), Seal (B)		CONARTVengiCalukya000034		donative-religious_land_grant				Sanskrit	brahmi_and_derivatives-southern_class_brahmi	regional_Brahmi--derived_script										engraved	35		A:35$B:1	9×18.9	0.5			934-945			reign				Kielhorn1898-1899_01 (item E)			Line spacing 1.1 cm.	DHARMA	CC-BY-SA							34
35		INSVengiCalukya00035	Fleet1883_08		daba	2025-04-10				DHARMA	VengiCalukya	CC0	INSVengiCalukya00035	Elavaṟṟu grant of Amma II				Plates (A), Seal (B)		CONARTVengiCalukya000035		donative-secular_donation				Sanskrit	brahmi_and_derivatives-southern_class_brahmi	regional_Brahmi--derived_script										engraved	60		A:60$B:1	7×17.8	0.45			945-970			reign				Fleet1883_08			Line spacing 0.9 cm.	DHARMA	CC-BY-SA							35
36		INSVengiCalukya00036	Fleet1884_04		daba	2025-04-11				DHARMA	VengiCalukya	CC0	INSVengiCalukya00036	Guṇḍugolanu grant of Amma II				Plates (A), Seal (B)		CONARTVengiCalukya000036		donative-religious_land_grant				Sanskrit	brahmi_and_derivatives-southern_class_brahmi	regional_Brahmi--derived_script										engraved	37		A:37$B:1	9.2×20.2	0.5			945-970			reign				Fleet1884_04			Line spacing 1 cm.	DHARMA	CC-BY-SA							36
37		INSVengiCalukya00037	Fleet1902-1903_01		daba	2025-04-11				DHARMA	VengiCalukya	CC0	INSVengiCalukya00037	Kalucuṁbaṟṟu grant of Amma II				Plates (A), Seal (B)		CONARTVengiCalukya000037		donative-religious_land_grant				Sanskrit	brahmi_and_derivatives-southern_class_brahmi	regional_Brahmi--derived_script	Telugu	brahmi_and_derivatives-southern_class_brahmi	regional_Brahmi--derived_script							engraved	73		A:73$B:2	10.2×20.3	0.4			945-970			reign				Fleet1902-1903_01			Line spacing 1 cm.	DHARMA	CC-BY-SA							37
38		INSVengiCalukya00038	Hultzsch1907-1908_02		daba	2025-05-16				DHARMA	VengiCalukya	CC0	INSVengiCalukya00038	Maliyapūṇḍi grant of Amma II				Plates (A), Seal (B)		CONARTVengiCalukya000038		donative-religious_land_grant				Sanskrit	brahmi_and_derivatives-southern_class_brahmi	regional_Brahmi--derived_script										engraved	60		A:60$B:1	10.4×23	0.5			945-970			reign				Butterworth+VenugopaulChetty1905_01 (item 19)$ Hultzsch1907-1908_02			Line spacing 0.9 cm.	DHARMA	CC-BY-SA							38
39		INSVengiCalukya00039	Rangacharya1955-1956_01 and daba autopsy		daba	2025-08-19				DHARMA	VengiCalukya	CC0	INSVengiCalukya00039	Māṁgallu grant of Dānārṇava		Māṁgallu grant of Amma II		Plates (A), Seal (B)		CONARTVengiCalukya000039		donative-secular_donation				Sanskrit	brahmi_and_derivatives-southern_class_brahmi	regional_Brahmi--derived_script	Telugu	brahmi_and_derivatives-southern_class_brahmi	regional_Brahmi--derived_script							engraved	66		A:66$B:1	9.1×22.5	0.5			956-958			reign				Rangacharya1955-1956_01$ ParabrahmaSastry1969_01			Line spacing 1.2 cm.	DHARMA	CC-BY-SA							39
40		INSVengiCalukya00040	KrishnaRao1937-1938_01 and daba autopsy		daba	2025-05-16				DHARMA	VengiCalukya	CC0	INSVengiCalukya00040	Pedda-Gāḻidipaṟṟu grant of Amma II		Masulipatam Plates of Amma II		Plates (A), Seal (B)		CONARTVengiCalukya000040		donative-religious_land_grant				Sanskrit	brahmi_and_derivatives-southern_class_brahmi	regional_Brahmi--derived_script	Telugu	brahmi_and_derivatives-southern_class_brahmi	regional_Brahmi--derived_script							engraved	71		A:71$B:1	12.6×26.6	0.55			945-970			reign				KrishnaRao1937-1938_01			Line spacing 1.3 cm.	DHARMA	CC-BY-SA							40
41		INSVengiCalukya00041	SubbaRao1949-1950_01 and daba autopsy		daba	2025-06-13				DHARMA	VengiCalukya	CC0	INSVengiCalukya00041	Nāgiyapūṇḍi grant of Amma II				Plates (A), Seal (B)		CONARTVengiCalukya000041		donative-secular_donation				Sanskrit	brahmi_and_derivatives-southern_class_brahmi	regional_Brahmi--derived_script										engraved	54		A:54$B:1	8.3×17.2	0.45			945-970			reign				SubbaRao1949-1950_01			Line spacing 1 cm.	DHARMA	CC-BY-SA							41
42		INSVengiCalukya00042	Hultzsch1913-1914_03 and ASI cover sheet		daba	2025-06-13				DHARMA	VengiCalukya	CC0	INSVengiCalukya00042	Nammūru grant of Amma II				Plates (A), Seal (B)		CONARTVengiCalukya000042		donative-religious_land_grant				Sanskrit	brahmi_and_derivatives-southern_class_brahmi	regional_Brahmi--derived_script	Telugu	brahmi_and_derivatives-southern_class_brahmi	regional_Brahmi--derived_script							engraved	32		A:32$B:1	10.4×23.7	0.5			945-970			reign				Hultzsch1913-1914_03			Line spacing 1.1 cm.	DHARMA	CC-BY-SA							42
43		INSVengiCalukya00043	Fleet1878_07		daba	2025-06-13				DHARMA	VengiCalukya	CC0	INSVengiCalukya00043	Paḷaṁkalūru grant of Amma II				Plates (A), Seal (B)		CONARTVengiCalukya000043		donative-religious_land_grant				Sanskrit	brahmi_and_derivatives-southern_class_brahmi	regional_Brahmi--derived_script										engraved	64		A:64$B:1	9.1×18.1	0.5			945-970			reign				Fleet1878_07			Line spacing 1 cm.	DHARMA	CC-BY-SA							43
44		INSVengiCalukya00044	Kielhorn1898-1899_01 and daba autopsy		daba	2025-07-04				DHARMA	VengiCalukya	CC0	INSVengiCalukya00044	Pāṁbaṟṟu grant of Amma II				Plates (A), Seal (B)		CONARTVengiCalukya000044		donative-secular_donation				Sanskrit	brahmi_and_derivatives-southern_class_brahmi	regional_Brahmi--derived_script	Telugu	brahmi_and_derivatives-southern_class_brahmi	regional_Brahmi--derived_script							engraved	32		A:32$B:1	8.2×20.4	0.55			945-970			reign				Sewell1879_01 (item 1)$Kielhorn1898-1899_01 (item F)			Line spacing 1 cm.	DHARMA	CC-BY-SA							44
45		INSVengiCalukya00045	KrishnaRao1935-1936_01 and ASI cover sheet		daba	2025-07-07				DHARMA	VengiCalukya	CC0	INSVengiCalukya00045	Tāṇḍikoṇḍa grant of Amma II						CONARTVengiCalukya000045		donative-religious_land_grant				Sanskrit	brahmi_and_derivatives-southern_class_brahmi	regional_Brahmi--derived_script	Telugu	brahmi_and_derivatives-southern_class_brahmi	regional_Brahmi--derived_script							engraved	69	70		12.2×27	0.6			945-970			reign				KrishnaRao1935-1936_01$ Bhārati 15 1938/07 97ff			Line spacing 1.2 cm.	DHARMA	CC-BY-SA							45
46		INSVengiCalukya00046	Hultzsch1907-1908_05		daba	2025-07-22				DHARMA	VengiCalukya	CC0	INSVengiCalukya00046	Vandram plates of Amma II				Plates (A), Seal (B)		CONARTVengiCalukya000046		donative-secular_donation				Sanskrit	brahmi_and_derivatives-southern_class_brahmi	regional_Brahmi--derived_script										engraved	72		A:72$B:1	8.5×18.7	0.45			945-970			reign				Hultzsch1907-1908_05			Line spacing 0.9 cm.	DHARMA	CC-BY-SA							46
47		INSVengiCalukya00047	Hultzsch1925-1926_06 and daba autopsy		daba	2025-10-01				DHARMA	VengiCalukya	CC0	INSVengiCalukya00047	Vemalūrpāḍu plates of Amma II				Plates (A), Seal (B)		CONARTVengiCalukya000047		donative-secular_donation				Sanskrit	brahmi_and_derivatives-southern_class_brahmi	regional_Brahmi--derived_script	Telugu	brahmi_and_derivatives-southern_class_brahmi	regional_Brahmi--derived_script							engraved	74		A:74$B:1	10.4×21.3	0.55			945-970			reign				Hultzsch1925-1926_06			Line spacing 1.4 cm.	DHARMA	CC-BY-SA							47
48		INSVengiCalukya00048	sagu autopsy and daba estimates from available measurements		daba	2024-02-13				DHARMA	VengiCalukya	CC0	INSVengiCalukya00048	London plates of Maṅgi Yuvarāja				Plates (A), Seal (B)		CONARTVengiCalukya000048		donative-religious_land_grant				Sanskrit	brahmi_and_derivatives-southern_class_brahmi	regional_Brahmi--derived_script										engraved	24		A:24$B:1	4.5×16.5	0.45			700-702			internal_date				NA			Line spacing 0.7 cm.	DHARMA	CC-BY-SA							48
49		INSVengiCalukya00049	Venkayya1900-1901_01		daba	2025-10-19				DHARMA	VengiCalukya	CC0	INSVengiCalukya00049	Raṇastipūṇḍi grant of Vimalāditya				Plates (A), Seal (B)		CONARTVengiCalukya000049		donative-secular_donation				Sanskrit	brahmi_and_derivatives-southern_class_brahmi	regional_Brahmi--derived_script	Telugu	brahmi_and_derivatives-southern_class_brahmi	regional_Brahmi--derived_script							engraved	98		A:98$B:1	12.2×25.6	0.55			1017-1019			internal_date				Venkayya1900-1901_01			Line spacing 1 cm.	DHARMA	CC-BY-SA							49
50		INSVengiCalukya00050	Hultzsch1905-1906_10		daba	2024-01-18				DHARMA	VengiCalukya	CC0	INSVengiCalukya00050	Cendalūr plates of Maṅgi Yuvarāja				Plates (A), Seal (B)		CONARTVengiCalukya000050		donative-religious_land_grant				Sanskrit	brahmi_and_derivatives-southern_class_brahmi	regional_Brahmi--derived_script										engraved	41		A:41$B:1	5.5×22	0.6			682-684			internal_date				Hultzsch1905-1906_10			Line spacing 1.2 cm.	DHARMA	CC-BY-SA							50
51		INSVengiCalukya00051	daba autopsy and LakshmanaRao1922_02		daba	2024-12-19				DHARMA	VengiCalukya	CC0	INSVengiCalukya00051	Attili grant of Bhīma I		Telugu Academy plates of Bhīma I		Plates (A), Seal (B)		CONARTVengiCalukya000051		donative-secular_donation				Sanskrit	brahmi_and_derivatives-southern_class_brahmi	regional_Brahmi--derived_script										engraved	35		A:35$B:1	9.1×18.5	0.4			892-921			reign				LakshmanaRao1922_02$also ASPP vol 11, 1922?, p241ff, Annette's photos			Line spacing 1 cm.	DHARMA	CC-BY-SA							51
52		INSVengiCalukya00052	KrishnaRao1965_01 and daba autopsy		daba	2024-10-16				DHARMA	VengiCalukya	CC0	INSVengiCalukya00052	Andhra Sahitya Parishad plates of Śaktivarman				Plates (A), Seal (B)		CONARTVengiCalukya000052		donative-secular_donation				Sanskrit	brahmi_and_derivatives-southern_class_brahmi	regional_Brahmi--derived_script										engraved	65	85	A:65$B:1	9.7×19.8	0.45			1000-1011			reign				KrishnaRao1965_01$ reportedly (acc. to B. V. Krishna Rao, JAHRS 12 p50) also edited to a low standard in Andhra Sahitya Parishat Patrika Vol. II pp 213-217			Line spacing 0.9 cm.	DHARMA	CC-BY-SA							52
53		INSVengiCalukya00053	Hultzsch1925-1926_07		daba	2024-01-11				DHARMA	VengiCalukya	CC0	INSVengiCalukya00053	Koṇḍaṇagūru grant of Indra Bhaṭṭāraka				Plates (A), Seal (B)		CONARTVengiCalukya000053		donative-religious_land_grant				Sanskrit	brahmi_and_derivatives-southern_class_brahmi	regional_Brahmi--derived_script										engraved	37		A:37$B:1	4.8×16	0.5			672-674			reign				Hultzsch1925-1926_07			Line spacing 0.9 cm.	DHARMA	CC-BY-SA							53
54		INSVengiCalukya00054	RamachandraMurthy1973-1974_01		daba	2024-01-18				DHARMA	VengiCalukya	CC0	INSVengiCalukya00054	Mḻopaṟṟu grant attributed to Maṅgi Yuvarāja		Ipuru plates of Maṅgi yuva-vallabha-mahārāja$Ipuru plates of Jayasiṁha I$Īpūru plates$Īpūr plates		Plates (A), Seal (B)		CONARTVengiCalukya000054		donative-religious_land_grant				Sanskrit	brahmi_and_derivatives-southern_class_brahmi	regional_Brahmi--derived_script										engraved	26		A:26$B:1	6.6×20.3	0.35			641-706	low		reign				RamachandraMurthy1973-1974_01			Line spacing 0.8 cm.	DHARMA	CC-BY-SA							54
55		INSVengiCalukya00055	Katti+PadmanabhaSastry1995_01		daba	2023-12-11				DHARMA	VengiCalukya	CC0	INSVengiCalukya00055	Cāmaṟṟu plates of Jayasiṁha I				Plates (A), Seal (B)		CONARTVengiCalukya000055		donative-religious_land_grant				Sanskrit	brahmi_and_derivatives-southern_class_brahmi	regional_Brahmi--derived_script										engraved	29		A:29$B:1	4.3×15.7	0.5			641-673			reign				Katti+PadmanabhaSastry1995_01			Line spacing 0.9 cm.	DHARMA	CC-BY-SA							55
56		INSVengiCalukya00056	daba autopsy		daba	2023-12-04				DHARMA	VengiCalukya	CC0	INSVengiCalukya00056	Peddāpurappāḍu plates (set 1) of Viṣṇuvardhana II				Plates (A), Seal (B)		CONARTVengiCalukya000056		donative-religious_land_grant				Sanskrit	brahmi_and_derivatives-southern_class_brahmi	regional_Brahmi--derived_script										engraved	28		A:28$B:1	7.1×17.2	0.5			672-674			internal_date				PadmanabhaSastry1994_01 (A)			Line spacing 1 cm.	DHARMA	CC-BY-SA							56
57		INSVengiCalukya00057	daba autopsy		daba	2023-12-04				DHARMA	VengiCalukya	CC0	INSVengiCalukya00057	Peddāpurappāḍu plates (set 2) of Viṣṇuvardhana II				Plates (A), Seal (B)		CONARTVengiCalukya000057		donative-religious_land_grant				Sanskrit	brahmi_and_derivatives-southern_class_brahmi	regional_Brahmi--derived_script	Telugu	brahmi_and_derivatives-southern_class_brahmi	regional_Brahmi--derived_script							engraved	27		A:27$B:1	5.3×20.6	0.5			673-675			internal_date				PadmanabhaSastry1994_01 (B)			Line spacing 0.8 cm.	DHARMA	CC-BY-SA							57
58		INSVengiCalukya00058	Sampath2005_01		daba	2024-02-12				DHARMA	VengiCalukya	CC0	INSVengiCalukya00058	Nekkontha grant of Viṣṇuvardhana III		Alluvālu grant of Viṣṇuvardhana III				CONARTVengiCalukya000058		donative-religious_land_grant				Sanskrit	brahmi_and_derivatives-southern_class_brahmi	regional_Brahmi--derived_script										engraved	12	28		6.1×16.3	0.5			719-755			reign				Sampath2005_01			Line spacing 0.9 cm.	DHARMA	CC-BY-SA							58
59		INSVengiCalukya00059	Ramesan1988_01 and daba autopsy		daba	2023-12-15				DHARMA	VengiCalukya	CC0	INSVengiCalukya00059	Uccāti grant of Jayasiṁha I				Plates (A), Seal (B)		CONARTVengiCalukya000059		donative-religious_land_grant				Sanskrit	brahmi_and_derivatives-southern_class_brahmi	regional_Brahmi--derived_script										engraved	20		A:20$B:1	6.8×17.1	0.6			641-673			reign				Ramesan1988_01 (A)			Line spacing 1.1 cm.	DHARMA	CC-BY-SA							59
60		INSVengiCalukya00060	Ramesan1988_01		daba	2024-02-21				DHARMA	VengiCalukya	CC0	INSVengiCalukya00060	Cendaṟa grant of Jayasiṁha II		Nandigāma plates, A		Plates (A), Seal (B)		CONARTVengiCalukya000060		donative-religious_land_grant				Sanskrit	brahmi_and_derivatives-southern_class_brahmi	regional_Brahmi--derived_script										engraved	23		A:23$B:1					707-709			internal_date				Ramesan1988_01 (B)$ PadmanabhaSastry2006_01				DHARMA	CC-BY-SA							60
61		INSVengiCalukya00061	Ramesan1988_01		daba	2024-02-21				DHARMA	VengiCalukya	CC0	INSVengiCalukya00061	Koṇḍakaḻipḻola grant of Viṣṇuvardhana III		Koṇḍakaṟipḻola grant 		Plates (A), Seal (B)		CONARTVengiCalukya000061		donative-religious_land_grant				Sanskrit	brahmi_and_derivatives-southern_class_brahmi	regional_Brahmi--derived_script	Telugu	brahmi_and_derivatives-southern_class_brahmi	regional_Brahmi--derived_script							engraved	26		A:26$B:1					722-724			internal_date				Ramesan1988_01 (C)				DHARMA	CC-BY-SA							61
62		INSVengiCalukya00062	Venkataramanayya1974_03		daba	2024-07-17				DHARMA	VengiCalukya	CC0	INSVengiCalukya00062	Ciṁbulūru grant of Vijayāditya III						CONARTVengiCalukya000062		donative-religious_land_grant				Sanskrit	brahmi_and_derivatives-southern_class_brahmi	regional_Brahmi--derived_script										engraved	47			×7.5	0.45			849-892			reign				Venkataramanayya1974_03			Line spacing 1 cm.	DHARMA	CC-BY-SA							62
63		INSVengiCalukya00063	daba autopsy and Venkataramanayya1974_06		daba	2025-03-28				DHARMA	VengiCalukya	CC0	INSVengiCalukya00063	Velaṁbaṟṟu (spurious?) grant of Amma I				Plates (A), Seal (B)		CONARTVengiCalukya000063		donative-religious_land_grant				Sanskrit	brahmi_and_derivatives-southern_class_brahmi	regional_Brahmi--derived_script	Telugu	brahmi_and_derivatives-southern_class_brahmi	regional_Brahmi--derived_script							engraved	37		A:37$B:1	9.8×22.2	0.45			921-927	low		reign				Venkataramanayya1974_06			Line spacing 1 cm.	DHARMA	CC-BY-SA							63
64		INSVengiCalukya00064	LakshminarayanRao1939-1940_01 and ASI cover sheet		daba	2025-03-31				DHARMA	VengiCalukya	CC0	INSVengiCalukya00064	Nūtimaḍugu plates of Vikramāditya II						CONARTVengiCalukya000064		donative				Sanskrit	brahmi_and_derivatives-southern_class_brahmi	regional_Brahmi--derived_script										engraved	28	40		11.8×22.8	0.5			926-928			reign				LakshminarayanRao1939-1940_01 (item A)			Line spacing 1.4 cm.	DHARMA	CC-BY-SA							64
65		INSVengiCalukya00065	ASI estampage cover sheet and Venkataramanayya1974_02		daba	2024-07-09				DHARMA	VengiCalukya	CC0	INSVengiCalukya00065	Varppoṁgu grant of Vijayāditya II				Plates (A), Seal (B)		CONARTVengiCalukya000065		donative-religious_land_grant				Sanskrit	brahmi_and_derivatives-southern_class_brahmi	regional_Brahmi--derived_script										engraved	23		A:23$B:1	6.7×18.8	0.55			808-847			reign				Venkataramanayya1974_02			Line spacing 1.1 cm.	DHARMA	CC-BY-SA							65
66		INSVengiCalukya00066	SubbaRao1930-1931_01 and daba autopsy		daba	2024-03-01				DHARMA	VengiCalukya	CC0	INSVengiCalukya00066	Nemmaḷūru grant of Vijayāditya I				Plates (A), Seal (B)		CONARTVengiCalukya000066		donative-religious_land_grant				Sanskrit	brahmi_and_derivatives-southern_class_brahmi	regional_Brahmi--derived_script	Telugu	brahmi_and_derivatives-southern_class_brahmi	regional_Brahmi--derived_script							engraved	28		A:28$B:1	7.9×17.1	0.6			755-772			reign				SubbaRao1930-1931_01 (1)			Line spacing 1.1 cm.	DHARMA	CC-BY-SA							66
67		INSVengiCalukya00067	SubbaRao1930-1931_01 and daba autopsy		daba	2024-03-01				DHARMA	VengiCalukya	CC0	INSVengiCalukya00067	Dinakādu grant of Vijayāditya I				Plates (A), Seal (B)		CONARTVengiCalukya000067		donative-religious_land_grant				Sanskrit	brahmi_and_derivatives-southern_class_brahmi	regional_Brahmi--derived_script	Telugu	brahmi_and_derivatives-southern_class_brahmi	regional_Brahmi--derived_script							engraved	27		A:27$B:1	7.3×16.7	0.45			755-772			reign				SubbaRao1930-1931_01 (2)			Line spacing 1 cm.	DHARMA	CC-BY-SA							67
68		INSVengiCalukya00068	Sampath1975-1976_01		daba	2024-07-17				DHARMA	VengiCalukya	CC0	INSVengiCalukya00068	Candavolu plates of Vijayāditya III				Plates (A), Seal (B)		CONARTVengiCalukya000068		donative-religious_land_grant				Sanskrit	brahmi_and_derivatives-southern_class_brahmi	regional_Brahmi--derived_script	Telugu	brahmi_and_derivatives-southern_class_brahmi	regional_Brahmi--derived_script							engraved	24		A:24$B:1	5.3×13.5	0.45			849-892			reign				Sampath1975-1976_01			Line spacing 0.9 cm.	DHARMA	CC-BY-SA							68
69		INSVengiCalukya00069	KrishnaRao1930-1931_02		daba	2024-10-15				DHARMA	VengiCalukya	CC0	INSVengiCalukya00069	Sātalūru plates of Vijayāditya III				Plates (A), Seal (B)		CONARTVengiCalukya000069		donative-religious_land_grant				Sanskrit	brahmi_and_derivatives-southern_class_brahmi	regional_Brahmi--derived_script										engraved	88		A:88$B:1	9.6×23				849-892			reign				KrishnaRao1930-1931_02$ Bhārati 1 1924/11 91ff				DHARMA	CC-BY-SA							69
70		INSVengiCalukya00070	ARIE and museumsofindia website		daba	2025-04-09				DHARMA	VengiCalukya	CC0	INSVengiCalukya00070	Īnteṟu grant of Bādapa				Plates (A), Seal (B)		CONARTVengiCalukya000070		donative-secular_donation				Sanskrit	brahmi_and_derivatives-southern_class_brahmi	regional_Brahmi--derived_script	Telugu	brahmi_and_derivatives-southern_class_brahmi	regional_Brahmi--derived_script							engraved	74		A:74$B:1	9.7×23	0.5			944-946	low		reign				NA			Line spacing 1 cm.	DHARMA	CC-BY-SA							70
71		INSVengiCalukya00071	Narasimham1937-1938_01		daba	2025-10-30				DHARMA	VengiCalukya	CC0	INSVengiCalukya00071	Kaṇḍyam plates of Dānārṇava				Plates (A), Seal (B)		CONARTVengiCalukya000071		donative-secular_donation				Sanskrit	brahmi_and_derivatives-southern_class_brahmi	regional_Brahmi--derived_script	Telugu	brahmi_and_derivatives-southern_class_brahmi	regional_Brahmi--derived_script							engraved	71		A:71$B:1	10.3×23.1	0.55			969-971			internal_date				Narasimham1937-1938_01			Line spacing 1.2 cm.	DHARMA	CC-BY-SA							71
72		INSVengiCalukya00072	daba autopsy		daba	2024-02-13				DHARMA	VengiCalukya	CC0	INSVengiCalukya00072	Elūru Grant of Maṅgi Yuvarāja				Plates (A), Seal (B)		CONARTVengiCalukya000072		donative-religious_land_grant				Sanskrit	brahmi_and_derivatives-southern_class_brahmi	regional_Brahmi--derived_script	Telugu	brahmi_and_derivatives-southern_class_brahmi	regional_Brahmi--derived_script							engraved	25		A:25$B:1	6.7×17.8	0.45			690-692			internal_date				KrishnaRao1938-1939_01$KrishnaRao1938-1939_02$ Bhārati 5 1939/05 613ff (can't find)			Line spacing 0.9 cm.	DHARMA	CC-BY-SA							72
73		INSVengiCalukya00073	SubbaRao1927-1928_02 and daba autopsy		daba	2025-11-04				DHARMA	VengiCalukya	CC0	INSVengiCalukya00073	Pāmulavāka plates of Amma II						CONARTVengiCalukya000073		donative-secular_donation				Sanskrit	brahmi_and_derivatives-southern_class_brahmi	regional_Brahmi--derived_script										engraved	29			7.8×17.3	0.45			945-970			reign				SubbaRao1927-1928_02			Line spacing 0.9 cm.	DHARMA	CC-BY-SA							73
74		INSVengiCalukya00074	Hultzsch1890_01		daba	2025-09-26				DHARMA	VengiCalukya	CC0	INSVengiCalukya00074	Masulipatam plates of Amma II				Plates (A), Seal (B)		CONARTVengiCalukya000074		donative-religious_land_grant				Sanskrit	brahmi_and_derivatives-southern_class_brahmi	regional_Brahmi--derived_script										engraved	35		A:35$B:1					945-970			reign				Hultzsch1890_01 (item 38)				DHARMA	CC-BY-SA							74
75		INSVengiCalukya00075	daba estimates from Elliot estampages		daba	2025-01-03				DHARMA	VengiCalukya	CC0	INSVengiCalukya00075	Pañcapāka grant of Bhīma I		Paṇḍipāka grant of Bhīma I		Plates (A), Seal (B)		CONARTVengiCalukya000075		donative-secular_donation				Sanskrit	brahmi_and_derivatives-southern_class_brahmi	regional_Brahmi--derived_script	Telugu	brahmi_and_derivatives-southern_class_brahmi	regional_Brahmi--derived_script							engraved	55		A:55$B:1	8.4×18.7	0.45			892-921			reign				the "Paṇḍipāka grant" is said to be published in Journal of the Telugu Academy 11 p256-257$ supposedly described in Mad. Govt. MSS. Library Catalogue 15-6-36, pp. 185-91. Cannot trace. This is not volume 15 of “A Descriptive Catalogue Of The Sanskrit Manuscripts in the Govermnent Oriental Manuscripts Library, Madras”. The three numbers are probably Volume, Sheet and Title, whatever the catalogue is.			Line spacing 1.1 cm.	DHARMA	CC-BY-SA							75
76		INSVengiCalukya00076	daba autopsy		daba	2024-07-05				DHARMA	VengiCalukya	CC0	INSVengiCalukya00076	Single Bhimavaram plate of a late Eastern Cālukya king						CONARTVengiCalukya000076		donative				Sanskrit	brahmi_and_derivatives-southern_class_brahmi	regional_Brahmi--derived_script										engraved	16	48		9.2×20.2	0.5			892-973			reign				SubbaRao1945-1946_01			Line spacing 1.1 cm.	DHARMA	CC-BY-SA							76
77		INSVengiCalukya00077	daba autopsy		daba	2024-07-05				DHARMA	VengiCalukya	CC0	INSVengiCalukya00077	Varaṇaveṇḍi grant of Bhīma II		Varaṇa Veṇḍi grant of Bhīma III		Plates (A), Seal (B)		CONARTVengiCalukya000077		donative-secular_donation				Sanskrit	brahmi_and_derivatives-southern_class_brahmi	regional_Brahmi--derived_script	Telugu	brahmi_and_derivatives-southern_class_brahmi	regional_Brahmi--derived_script							engraved	66		A:66$B:1	9.6×19	0.5			934-945			reign				SubbaRao1956-1958_01			Line spacing 1 cm.	DHARMA	CC-BY-SA							77
78		INSVengiCalukya00078	Fleet1885_01		daba	2025-10-30				DHARMA	VengiCalukya	CC0	INSVengiCalukya00078	Korumelli grant of Rājarāja I Narendra		Korumelli plates of Rājarāja Narendra$Korumilli grant$Korumilli plates		Plates (A), Seal (B)		CONARTVengiCalukya000078		donative-secular_donation				Sanskrit	brahmi_and_derivatives-southern_class_brahmi	vernacular_Brahmi--derived_script	Telugu	brahmi_and_derivatives-southern_class_brahmi	vernacular_Brahmi--derived_script							engraved	116		A:116$B:1	12.5×24.1	0.5			1018-1061			reign				Fleet1885_01			Line spacing 0.75 cm.	DHARMA	CC-BY-SA							78
79		INSVengiCalukya00079	Venkataramanayya1951-1952_01		daba	2025-10-30				DHARMA	VengiCalukya	CC0	INSVengiCalukya00079	Kalidiṇḍi grant of Rājarāja I Narendra				Plates (A), Seal (B)		CONARTVengiCalukya000079		donative-religious_land_grant				Sanskrit	brahmi_and_derivatives-southern_class_brahmi	vernacular_Brahmi--derived_script	Telugu	brahmi_and_derivatives-southern_class_brahmi	vernacular_Brahmi--derived_script							engraved	122		A:122$B:1	12.3×24.7	0.45			1018-1061			reign				Venkataramanayya1951-1952_01$earlier Venkataramanayya1943_01			Line spacing 0.7 cm.	DHARMA	CC-BY-SA							79
80		INSVengiCalukya00080	daba autopsy		daba	2024-02-10				DHARMA	VengiCalukya	CC0	INSVengiCalukya00080	Musinikuṇḍa grant of Viṣṇuvardhana III		Mushinikuṇḍa grant$Musinikoṇḍa grant		Plates (A), Seal (B)		CONARTVengiCalukya000080		donative-religious_land_grant				Sanskrit	brahmi_and_derivatives-southern_class_brahmi	regional_Brahmi--derived_script										engraved	55		A:55$B:1	8.2×16	0.7			719-755			reign				Ramesam1945-1946_01			Line spacing 1.1 cm.	DHARMA	CC-BY-SA							80
81		INSVengiCalukya00081	ParabrahmaSastry1994_01		daba	2024-02-26				DHARMA	VengiCalukya	CC0	INSVengiCalukya00081	Boṇḍāḍa grant of Viṣṇuvardhana III						CONARTVengiCalukya000081		donative-religious_land_grant				Sanskrit	brahmi_and_derivatives-southern_class_brahmi	regional_Brahmi--derived_script	Telugu	brahmi_and_derivatives-southern_class_brahmi	regional_Brahmi--derived_script							engraved	25							719-755			reign				ParabrahmaSastry1994_01				DHARMA	CC-BY-SA							81
82		INSVengiCalukya00082	Sampath1977-1978_02 and ASI estampage cover sheet		daba	2024-07-10				DHARMA	VengiCalukya	CC0	INSVengiCalukya00082	Tāṇḍivāḍa grant of Vijayāditya II				Plates (A), Seal (B)		CONARTVengiCalukya000082		donative-religious_land_grant				Sanskrit	brahmi_and_derivatives-southern_class_brahmi	regional_Brahmi--derived_script										engraved	32		A:32$B:1	8.2×21.5	0.5			808-847			reign				Sampath1977-1978_02			Line spacing 1 cm.	DHARMA	CC-BY-SA							82
83		INSVengiCalukya00083	RamachandraMurthy1973-1974_02 and daba autopsy		daba	2024-03-14				DHARMA	VengiCalukya	CC0	INSVengiCalukya00083	Peravali plates of Viṣṇuvardhana IV		Reṇḍubaḷḷi grant of Viṣṇuvardhana V$Raṇḍubaḷḷi grant of Viṣṇuvardhana V$Raṇḍuballi grant of Viṣṇuvardhana V		Plates (A), Seal (B)		CONARTVengiCalukya000083		donative-religious_land_grant				Sanskrit	brahmi_and_derivatives-southern_class_brahmi	regional_Brahmi--derived_script										engraved	39		A:39$B:1	7.4×19.7	0.55			772-808	low		reign				RamachandraMurthy1973-1974_02 (item A)			Line spacing 1.1 cm.	DHARMA	CC-BY-SA							83
84		INSVengiCalukya00084	RamachandraMurthy1973-1974_02 and daba autopsy		daba	2024-03-14				DHARMA	VengiCalukya	CC0	INSVengiCalukya00084	Permmañcili grant of Viṣṇuvardhana IV		Permmajīli grant of Viṣṇuvardhana V$Godavari plates of Viṣṇuvardhana V		Plates (A), Seal (B)		CONARTVengiCalukya000084		donative-religious_land_grant				Sanskrit	brahmi_and_derivatives-southern_class_brahmi	regional_Brahmi--derived_script										engraved	28		A:28$B:1	6×17.2	0.5			772-808			reign				RamachandraMurthy1973-1974_02 (item B)			Line spacing 0.8 cm.	DHARMA	CC-BY-SA							84
85		INSVengiCalukya00085	Sampath1996_01		daba	2024-03-18				DHARMA	VengiCalukya	CC0	INSVengiCalukya00085	Ḻūḷā grant of Viṣṇuvardhana IV						CONARTVengiCalukya000085		donative-religious_land_grant				Sanskrit	brahmi_and_derivatives-southern_class_brahmi	regional_Brahmi--derived_script										engraved	28							772-808			reign				Sampath1996_01$also Subramanyan, Journal of Andhra History and Culture Vol. 2 No 4 (Jan 1945) pp 109-115				DHARMA	CC-BY-SA							85
86		INSVengiCalukya00086	Ramesh+Sampath1977-1978_01		daba	2024-10-15				DHARMA	VengiCalukya	CC0	INSVengiCalukya00086	Kāṭlapaṟṟu grant of Vijayāditya III				Plates (A), Seal (B)		CONARTVengiCalukya000086		donative-religious_land_grant				Sanskrit	brahmi_and_derivatives-southern_class_brahmi	regional_Brahmi--derived_script										engraved	72		A:72$B:1	11.2×21.9	0.5			885-894			reign				Ramesh+Sampath1977-1978_01			Line spacing 1.2 cm.	DHARMA	CC-BY-SA							86
87		INSVengiCalukya00087	PadmanabhaSastry1975-1976_01 and ASI cover sheet		daba	2025-03-28				DHARMA	VengiCalukya	CC0	INSVengiCalukya00087	Pulivaṟṟu (spurious?) grant of Amma I				Plates (A), Seal (B)		CONARTVengiCalukya000087		donative-secular_donation				Sanskrit	brahmi_and_derivatives-southern_class_brahmi	regional_Brahmi--derived_script										engraved	56		A:56$B:1	7.4×18.5	0.6			921-927	low		reign				PadmanabhaSastry1975-1976_01			Line spacing 1 cm.	DHARMA	CC-BY-SA							87
88		INSVengiCalukya00088	daba autopsy		daba	2024-01-12				DHARMA	VengiCalukya	CC0	INSVengiCalukya00088	Pamiḍimukkala plates (set 1) of Viṣṇuvardhana II, year 3				Plates (A), Seal (B)		CONARTVengiCalukya000088		donative-religious_land_grant				Sanskrit	brahmi_and_derivatives-southern_class_brahmi	regional_Brahmi--derived_script										engraved	28		A:28$B:1	6.1×19.2	0.5			674-676	low		internal_date				Sampath2016_01			Line spacing 0.8 cm.	DHARMA	CC-BY-SA							88
89		INSVengiCalukya00089	daba autopsy		daba	2024-01-12				DHARMA	VengiCalukya	CC0	INSVengiCalukya00089	Pamiḍimukkala plates (set 2) of Viṣṇuvardhana II				Plates (A), Seal (B)		CONARTVengiCalukya000089		donative-religious_land_grant				Sanskrit	brahmi_and_derivatives-southern_class_brahmi	regional_Brahmi--derived_script	Telugu	brahmi_and_derivatives-southern_class_brahmi	regional_Brahmi--derived_script							engraved	28		A:28$B:1	6.8×17.1	0.6			673-682	low		reign							Line spacing 1.1 cm.	DHARMA	CC-BY-SA							89
90		INSVengiCalukya00090	daba autopsy		daba	2024-02-15				DHARMA	VengiCalukya	CC0	INSVengiCalukya00090	Peñceṟekuru grant of Maṅgi Yuvarāja				Plates (A), Seal (B)		CONARTVengiCalukya000090		donative-religious_land_grant				Sanskrit	brahmi_and_derivatives-southern_class_brahmi	regional_Brahmi--derived_script										engraved	22		A:22$B:1	6×19.5	0.55			682-684			internal_date							Line spacing 0.9 cm.	DHARMA	CC-BY-SA							90
91		INSVengiCalukya00091	daba autopsy		daba	2024-02-19				DHARMA	VengiCalukya	CC0	INSVengiCalukya00091	Timmapuram unfinished plates of Maṅgi Yuvarāja				Plates (A), Seal (B)		CONARTVengiCalukya000091		donative-religious_land_grant				Sanskrit	brahmi_and_derivatives-southern_class_brahmi	regional_Brahmi--derived_script										engraved	7		A:7$B:1	5.6×19	0.5			682-706			reign							Line spacing 1 cm.	DHARMA	CC-BY-SA							91
92		INSVengiCalukya00092	daba autopsy and museum catalogue		daba	2024-02-26				DHARMA	VengiCalukya	CC0	INSVengiCalukya00092	Pasapubaṟṟu grant of Viṣṇuvardhana III				Plates (A), Seal (B)		CONARTVengiCalukya000092		donative-religious_land_grant				Sanskrit	brahmi_and_derivatives-southern_class_brahmi	regional_Brahmi--derived_script	Telugu	brahmi_and_derivatives-southern_class_brahmi	regional_Brahmi--derived_script							engraved	24		A:24$B:1	5.6×14.6	0.5			719-755			reign							Line spacing 1 cm.	DHARMA	CC-BY-SA							92
93		INSVengiCalukya00093	daba autopsy		daba	2024-02-26				DHARMA	VengiCalukya	CC0	INSVengiCalukya00093	Ariyeṟa grant of Viṣṇuvardhana III				Plates (A), Seal (B)		CONARTVengiCalukya000093		donative-religious_land_grant				Sanskrit	brahmi_and_derivatives-southern_class_brahmi	regional_Brahmi--derived_script										engraved	20		A:20$B:1	5.8×14.8	0.6			719-755			reign							Line spacing 0.85 cm.	DHARMA	CC-BY-SA							93
94		INSVengiCalukya00094	daba autopsy		daba	2024-03-18				DHARMA	VengiCalukya	CC0	INSVengiCalukya00094	Senavurabu grant of Viṣṇuvardhana IV		Sēnāvuramu grant of Viṣṇuvardhana		Plates (A), Seal (B)		CONARTVengiCalukya000094		donative-religious_land_grant				Sanskrit	brahmi_and_derivatives-southern_class_brahmi	regional_Brahmi--derived_script										engraved	27		A:27$B:1	7.9×20.7	0.6			772-808			reign							Line spacing 1 cm.	DHARMA	CC-BY-SA							94
95		INSVengiCalukya00095	daba autopsy		daba	2024-01-26				DHARMA	VengiCalukya	CC0	INSVengiCalukya00095	Uṟuvuṭūru grant of Vijayāditya III		Urpuṭūru grant of Vijayāditya III		Plates (A), Seal (B)		CONARTVengiCalukya000095		donative-religious_land_grant				Sanskrit	brahmi_and_derivatives-southern_class_brahmi	regional_Brahmi--derived_script										engraved	56		A:56$B:1	8.3×24	0.5			849-892			reign				according to KrishnaRao1930-1931_02, published in Journal of the Telugu Academy, vol 1 pp140-150 (also ARIE: edited in Journal of the Telugu Academy by Ramayya Pantulu). Not found in what is my supposed PDF of ASPP vol 1.			Line spacing 1.2 cm.	DHARMA	CC-BY-SA							95
96		INSVengiCalukya00096	daba autopsy and Durgaprasad1983_01		daba	2023-12-04				DHARMA	VengiCalukya	CC0	INSVengiCalukya00096	Peddāpurappāḍu plates (set 3) of Viṣṇuvardhana II				Plates (A), Seal (B)		CONARTVengiCalukya000096		donative-religious_land_grant				Sanskrit	brahmi_and_derivatives-southern_class_brahmi	regional_Brahmi--derived_script										engraved	36		A:36$B:1	7.3×18.8	0.6			673-682			reign				Bhārati 60 1983/10 48ff			Line spacing 0.9 cm.	DHARMA	CC-BY-SA							96
97		INSVengiCalukya00097	daba autopsy		daba	2024-01-19				DHARMA	VengiCalukya	CC0	INSVengiCalukya00097	Pulgoṭlapaṁbuluru grant of Vijayāditya III				Plates (A), Seal (B)		CONARTVengiCalukya000097		donative-religious_land_grant				Sanskrit	brahmi_and_derivatives-southern_class_brahmi	regional_Brahmi--derived_script	Telugu	brahmi_and_derivatives-southern_class_brahmi	regional_Brahmi--derived_script							engraved	56		A:56$B:1	7.1×20.1	0.45			849-892			reign							Line spacing 0.9 cm.	DHARMA	CC-BY-SA							97
98		INSVengiCalukya00098	Jogarao1963_01		daba	2023-12-15				DHARMA	VengiCalukya	CC0	INSVengiCalukya00098	Pithapuram plates (set 1) of Jayasiṁha I				Plates (A), Seal (B)		CONARTVengiCalukya000098		donative-religious_land_grant				Sanskrit	brahmi_and_derivatives-southern_class_brahmi	regional_Brahmi--derived_script										engraved	29	35	A:29$B:1					641-673			reign				Jogarao1963_01				DHARMA	CC-BY-SA							98
99		INSVengiCalukya00099	Jogarao1963_01		daba	2023-12-15				DHARMA	VengiCalukya	CC0	INSVengiCalukya00099	Pithapuram plates (set 2 ) of Jayasiṁha I				Plates (A), Seal (B)		CONARTVengiCalukya000099		donative-religious_land_grant				Sanskrit	brahmi_and_derivatives-southern_class_brahmi	regional_Brahmi--derived_script										engraved	18		A:18$B:1					641-673			reign				Jogarao1963_01				DHARMA	CC-BY-SA							99
100		INSVengiCalukya00100	daba autopsy and ARIE1913-1914		daba	2024-07-15				DHARMA	VengiCalukya	CC0	INSVengiCalukya00100	Vedatulūru grant of Bhīma I		Veḍatulūru grant$Veḍatalūru grant$Narasapur plates$Narasapuram plates of Bhīma I$Masulipatam grant of Cālukya-Bhīma I		Plates (A), Seal (B)		CONARTVengiCalukya000100		donative-religious_land_grant				Sanskrit	brahmi_and_derivatives-southern_class_brahmi	regional_Brahmi--derived_script										engraved	69		A:69$B:1	11.5×24.5	0.6			892-921			reign							Line spacing 1.3 cm.	DHARMA	CC-BY-SA							100
101		INSVengiCalukya00101	daba autopsy		daba	2024-10-02				DHARMA	VengiCalukya	CC0	INSVengiCalukya00101	Penuṁbulugu grant of Amma I		Penubulugu grant of Amma I$Vinnakota plates of Amma I		Plates (A), Seal (B)		CONARTVengiCalukya00101		donative-religious_land_grant				Sanskrit	brahmi_and_derivatives-southern_class_brahmi	regional_Brahmi--derived_script										engraved	76		A:76$B:1	12.5×27	0.5			921-927			reign				Sampath1984_01			Line spacing 1.3 cm.	DHARMA	CC-BY-SA							101
102		INSVengiCalukya00102	PadmanabhaSastry1990_01		daba	2024-12-04				DHARMA	VengiCalukya	CC0	INSVengiCalukya00102	Kōḻūru (spurious?) grant of Bhīma II		Amalapuram plates of Bhīma II		Plates (A), Seal (B)		CONARTVengiCalukya00102		donative-secular_donation				Sanskrit	brahmi_and_derivatives-southern_class_brahmi	regional_Brahmi--derived_script	Telugu	brahmi_and_derivatives-southern_class_brahmi	regional_Brahmi--derived_script							engraved	51		A:51$B:1	9.8×23.6	0.4			934-945	low		reign				PadmanabhaSastry1990_01			Line spacing 1.2 cm.	DHARMA	CC-BY-SA							102
103		INSVengiCalukya00103	daba autopsy		daba	2024-10-16				DHARMA	VengiCalukya	CC0	INSVengiCalukya00103	Guṇḍipoduṟu grant of Śaktivarman				Plates (A), Seal (B)		CONARTVengiCalukya00103		donative-religious_land_grant				Sanskrit	brahmi_and_derivatives-southern_class_brahmi	regional_Brahmi--derived_script	Telugu	brahmi_and_derivatives-southern_class_brahmi	regional_Brahmi--derived_script							engraved	70		A:70$B:1	11×23.3	0.5			1000-1011			reign							Line spacing 1.1 cm.	DHARMA	CC-BY-SA							103
104		INSVengiCalukya00104	Kielhorn1896-1897_04 and daba autopsy		daba	2025-08-28				DHARMA	VengiCalukya	CC0	INSVengiCalukya00104	Nandamapūṇḍi grant of Rājarāja I Narendra				Plates (A), Seal (B)		CONARTVengiCalukya00104		donative-religious_land_grant				Sanskrit	brahmi_and_derivatives-southern_class_brahmi	vernacular_Brahmi--derived_script	Telugu	brahmi_and_derivatives-southern_class_brahmi	vernacular_Brahmi--derived_script							engraved	93		A:93$B:1	11.5×25	0.55			1048-1050			internal_date				Kielhorn1896-1897_04$RamayyaPantulu1912_01			Line spacing 1 cm.	DHARMA	CC-BY-SA							104
105		INSVengiCalukya00105	ASI cover sheet		daba	2025-09-29				DHARMA	VengiCalukya	CC0	INSVengiCalukya00105	Gaṇapavaram plates attributed to Viṣṇuvardhana III		Ariyeṟu grant of Viṣṇuvardhana III				CONARTVengiCalukya00105		donative-religious_land_grant				Sanskrit	brahmi_and_derivatives-southern_class_brahmi	regional_Brahmi--derived_script										engraved	24			5.9×17.5	0.5			719-755	low		reign				SomasekharaSarma1924_01, Sampath2016_01 (item 2)			Line spacing 1.1 cm.	DHARMA	CC-BY-SA							105
106		INSVengiCalukya00106	ARIE and daba autopsy		daba	2025-11-21				DHARMA	VengiCalukya	CC0	INSVengiCalukya00106	Maṇḍa grant of Rājarāja I Narendra				Plates (A), Seal (B)		CONARTVengiCalukya00106		donative-religious_land_grant				Sanskrit	brahmi_and_derivatives-southern_class_brahmi	vernacular_Brahmi--derived_script	Telugu	brahmi_and_derivatives-southern_class_brahmi	vernacular_Brahmi--derived_script							engraved	69		A:69$B:1	12.7×22.8	0.5			1018-1061			reign				Venkataramanayya1943_02			Line spacing 0.8 cm.	DHARMA	CC-BY-SA							106
107		INSVengiCalukya00107			daba					DHARMA	VengiCalukya	CC0	INSVengiCalukya00107	*Pāmulavāka plates of Vijayāditya VII						CONARTVengiCalukya00107		donative-religious_land_grant				Sanskrit	brahmi_and_derivatives-southern_class_brahmi	regional_Brahmi--derived_script										engraved																			DHARMA	CC-BY-SA							107
108		INSVengiCalukya00108			daba					DHARMA	VengiCalukya	CC0	INSVengiCalukya00108	*Māviṇḍēṟu grant of Vijayāditya VII						CONARTVengiCalukya00108		donative-religious_land_grant				Sanskrit	brahmi_and_derivatives-southern_class_brahmi	regional_Brahmi--derived_script										engraved																			DHARMA	CC-BY-SA							108
109		INSVengiCalukya00109			daba					DHARMA	VengiCalukya	CC0	INSVengiCalukya00109	*Kurundūru grant of Vijayāditya VII						CONARTVengiCalukya00109		donative-religious_land_grant				Sanskrit	brahmi_and_derivatives-southern_class_brahmi	regional_Brahmi--derived_script										engraved																			DHARMA	CC-BY-SA							109
110		INSVengiCalukya00110			daba					DHARMA	VengiCalukya	CC0	INSVengiCalukya00110	*Numiyavāḍa grant of Śaktivarman II						CONARTVengiCalukya00110		donative-religious_land_grant				Sanskrit	brahmi_and_derivatives-southern_class_brahmi	regional_Brahmi--derived_script										engraved																			DHARMA	CC-BY-SA							110
111		INSVengiCalukya00111			daba					DHARMA	VengiCalukya	CC0	INSVengiCalukya00111	*Kolāru grant of Rājendra-Coḷa Kulottuṅga I						CONARTVengiCalukya00111		donative-religious_land_grant				Sanskrit	brahmi_and_derivatives-southern_class_brahmi	regional_Brahmi--derived_script										engraved																			DHARMA	CC-BY-SA							111
112		INSVengiCalukya00112			daba					DHARMA	VengiCalukya	CC0	INSVengiCalukya00112	*Maṇḍadoṟṟu grant of Kulottuṅga-Coḷadeva II						CONARTVengiCalukya00112		donative-religious_land_grant				Sanskrit	brahmi_and_derivatives-southern_class_brahmi	regional_Brahmi--derived_script										engraved																			DHARMA	CC-BY-SA							112
113		INSVengiCalukya00113			daba					DHARMA	VengiCalukya	CC0	INSVengiCalukya00113	*Cellūr plates of Vīra-Coḍa						CONARTVengiCalukya00113		donative-religious_land_grant				Sanskrit	brahmi_and_derivatives-southern_class_brahmi	regional_Brahmi--derived_script										engraved																			DHARMA	CC-BY-SA							113
114		INSVengiCalukya00114			daba					DHARMA	VengiCalukya	CC0	INSVengiCalukya00114	*Piṭhāpuram plates of Vīra-Coḍa						CONARTVengiCalukya00114		donative-religious_land_grant				Sanskrit	brahmi_and_derivatives-southern_class_brahmi	regional_Brahmi--derived_script										engraved																			DHARMA	CC-BY-SA							114
115		INSVengiCalukya00115			daba					DHARMA	VengiCalukya	CC0	INSVengiCalukya00115	*Ṭeki plates of Rājarāja Coḍagaṅga						CONARTVengiCalukya00115		donative-religious_land_grant				Sanskrit	brahmi_and_derivatives-southern_class_brahmi	regional_Brahmi--derived_script										engraved																			DHARMA	CC-BY-SA							115